<?xml version="1.0" encoding="UTF-8" standalone="no"?>
<Broker>
    <CompiledApplication>
        <ConfigurableProperty uri="startMode"/>
    </CompiledApplication>
    <CompiledMessageFlow name="Warrantees">
        <ConfigurableProperty uri="Warrantees#additionalInstances"/>
        <ConfigurableProperty uri="Warrantees#notificationThresholdMsgsPerSec"/>
        <ConfigurableProperty uri="Warrantees#maximumRateMsgsPerSec"/>
        <ConfigurableProperty uri="Warrantees#processingTimeoutSec"/>
        <ConfigurableProperty uri="Warrantees#processingTimeoutAction"/>
        <ConfigurableProperty uri="Warrantees#wlmPolicy"/>
        <ConfigurableProperty uri="Warrantees#commitCount"/>
        <ConfigurableProperty uri="Warrantees#commitInterval"/>
        <ConfigurableProperty uri="Warrantees#coordinatedTransaction"/>
        <ConfigurableProperty uri="Warrantees#consumerPolicySet"/>
        <ConfigurableProperty uri="Warrantees#providerPolicySet"/>
        <ConfigurableProperty uri="Warrantees#consumerPolicySetBindings"/>
        <ConfigurableProperty uri="Warrantees#providerPolicySetBindings"/>
        <ConfigurableProperty uri="Warrantees#securityProfileName"/>
        <ConfigurableProperty uri="Warrantees#monitoringProfile"/>
        <ConfigurableProperty uri="Warrantees#startMode"/>
        <ConfigurableProperty uri="Warrantees#startInstancesWhenFlowStarts"/>
        <ConfigurableProperty override="/home/aceuser/eidiko" uri="Warrantees#outDir"/>
        <ConfigurableProperty override="/home/aceuser/eidiko" uri="Warrantees#CSVResout.outputDirectory"/>
        <ConfigurableProperty override="*" uri="Warrantees#CSVResout.outputFilename"/>
        <ConfigurableProperty uri="Warrantees#CSVResout.requestDirectoryLocation"/>
        <ConfigurableProperty uri="Warrantees#CSVResout.requestNameLocation"/>
        <ConfigurableProperty uri="Warrantees#CSVResout.recordDelimiter"/>
        <ConfigurableProperty uri="Warrantees#CSVResout.customDelimiter"/>
        <ConfigurableProperty uri="Warrantees#CSVResout.validateMaster"/>
        <ConfigurableProperty uri="Warrantees#CSVResout.fileFtp"/>
        <ConfigurableProperty override="SFTP" uri="Warrantees#CSVResout.remoteTransferType"/>
        <ConfigurableProperty override="10.245.87.200:22" uri="Warrantees#CSVResout.fileFtpServer"/>
        <ConfigurableProperty override="sftpid" uri="Warrantees#CSVResout.fileFtpUser"/>
        <ConfigurableProperty uri="Warrantees#CSVResout.fileFtpDirectory"/>
        <ConfigurableProperty override="http://sb-meticalnet-http-cp4i.apps.ocp-np.mz.sbicdirectory.com/MeticalNet" uri="Warrantees#sendReqtoQCBS.URLSpecifier"/>
        <ConfigurableProperty uri="Warrantees#sendReqtoQCBS.timeoutForServer"/>
        <ConfigurableProperty uri="Warrantees#sendReqtoQCBS.httpProxyLocation"/>
        <ConfigurableProperty override="1.1" uri="Warrantees#sendReqtoQCBS.httpVersion"/>
        <ConfigurableProperty uri="Warrantees#sendReqtoQCBS.enableKeepAlive"/>
        <ConfigurableProperty uri="Warrantees#sendReqtoQCBS.requestCompressionType"/>
        <ConfigurableProperty override="TLS" uri="Warrantees#sendReqtoQCBS.protocol"/>
        <ConfigurableProperty uri="Warrantees#sendReqtoQCBS.allowedCiphers"/>
        <ConfigurableProperty uri="Warrantees#sendReqtoQCBS.hostnameChecking"/>
        <ConfigurableProperty uri="Warrantees#sendReqtoQCBS.keyAlias"/>
        <ConfigurableProperty uri="Warrantees#sendReqtoQCBS.enableCRLCheck"/>
        <ConfigurableProperty uri="Warrantees#sendReqtoQCBS.acceptCompressedResponses"/>
        <ConfigurableProperty uri="Warrantees#sendReqtoQCBS.validateMaster"/>
        <ConfigurableProperty uri="Warrantees#sendReqtoQCBS.policyUrl"/>
        <ConfigurableProperty uri="Warrantees#sendReqtoQCBS.securityProfileName"/>
        <ConfigurableProperty override="/home/aceuser/warantees" uri="Warrantees#CsvReqInit.inputDirectory"/>
        <ConfigurableProperty uri="Warrantees#CsvReqInit.recursiveDirectories"/>
        <ConfigurableProperty uri="Warrantees#CsvReqInit.filenamePattern"/>
        <ConfigurableProperty uri="Warrantees#CsvReqInit.excludePattern"/>
        <ConfigurableProperty uri="Warrantees#CsvReqInit.messageCodedCharSetIdProperty"/>
        <ConfigurableProperty uri="Warrantees#CsvReqInit.messageEncodingProperty"/>
        <ConfigurableProperty uri="Warrantees#CsvReqInit.waitInterval"/>
        <ConfigurableProperty uri="Warrantees#CsvReqInit.retryThreshold"/>
        <ConfigurableProperty uri="Warrantees#CsvReqInit.shortRetryInterval"/>
        <ConfigurableProperty uri="Warrantees#CsvReqInit.longRetryInterval"/>
        <ConfigurableProperty uri="Warrantees#CsvReqInit.customDelimiter"/>
        <ConfigurableProperty override="contentAndValue" uri="Warrantees#CsvReqInit.validateMaster"/>
        <ConfigurableProperty override="yes" uri="Warrantees#CsvReqInit.fileFtp"/>
        <ConfigurableProperty override="SFTP" uri="Warrantees#CsvReqInit.remoteTransferType"/>
        <ConfigurableProperty override="10.245.87.200:22" uri="Warrantees#CsvReqInit.fileFtpServer"/>
        <ConfigurableProperty override="sftpid" uri="Warrantees#CsvReqInit.fileFtpUser"/>
        <ConfigurableProperty override="/warantees" uri="Warrantees#CsvReqInit.fileFtpDirectory"/>
        <ConfigurableProperty uri="Warrantees#CsvReqInit.componentLevel"/>
        <ConfigurableProperty uri="Warrantees#CsvReqInit.additionalInstances"/>
        <ConfigurableProperty override="SQLSERVER" uri="Warrantees#FramingJsonReq.dataSource"/>
        <ConfigurableProperty uri="Warrantees#FramingJsonReq.connectDatasourceBeforeFlowStarts"/>
        <ConfigurableProperty uri="Warrantees#FramingJsonReq.validateMaster"/>
        <ConfigurableProperty override="SQLSERVER" uri="Warrantees#InsertMeticalNetRes.dataSource"/>
        <ConfigurableProperty uri="Warrantees#InsertMeticalNetRes.connectDatasourceBeforeFlowStarts"/>
        <ConfigurableProperty uri="Warrantees#InsertMeticalNetRes.validateMaster"/>
        <ConfigurableProperty override="SQLSERVER" uri="Warrantees#TokenInvalid.dataSource"/>
        <ConfigurableProperty uri="Warrantees#TokenInvalid.connectDatasourceBeforeFlowStarts"/>
        <ConfigurableProperty uri="Warrantees#TokenInvalid.validateMaster"/>
    </CompiledMessageFlow>
</Broker>
